{
  "model": "lda_svm",
  "accuracy": 0.535,
  "report": {
    "IT": {
      "precision": 0.6126126126126126,
      "recall": 0.68,
      "f1-score": 0.6445497630331753,
      "support": 100.0
    },
    "경제": {
      "precision": 0.46511627906976744,
      "recall": 0.4,
      "f1-score": 0.43010752688172044,
      "support": 100.0
    },
    "사회": {
      "precision": 0.3956043956043956,
      "recall": 0.36,
      "f1-score": 0.3769633507853403,
      "support": 100.0
    },
    "스포츠": {
      "precision": 0.6612903225806451,
      "recall": 0.82,
      "f1-score": 0.7321428571428571,
      "support": 100.0
    },
    "연예": {
      "precision": 0.48623853211009177,
      "recall": 0.53,
      "f1-score": 0.507177033492823,
      "support": 100.0
    },
    "정치": {
      "precision": 0.5316455696202531,
      "recall": 0.42,
      "f1-score": 0.4692737430167598,
      "support": 100.0
    },
    "accuracy": 0.535,
    "macro avg": {
      "precision": 0.5254179519329609,
      "recall": 0.535,
      "f1-score": 0.5267023790587794,
      "support": 600.0
    },
    "weighted avg": {
      "precision": 0.5254179519329609,
      "recall": 0.535,
      "f1-score": 0.5267023790587794,
      "support": 600.0
    }
  },
  "timing": {
    "tokenization_sec": 7.18,
    "tuning_sec": 170.6,
    "tuning_min": 2.84,
    "final_train_sec": 2.88,
    "inference_sec": 0.0252,
    "total_sec": 173.47,
    "total_min": 2.89
  },
  "note": "예외 케이스: LDA는 긴 문서 전용, 헤드라인(평균 7토큰)에 부적합 확인용"
}