{
  "model": "tfidf_lgbm",
  "accuracy": 0.6433333333333333,
  "report": {
    "IT": {
      "precision": 0.7857142857142857,
      "recall": 0.66,
      "f1-score": 0.717391304347826,
      "support": 100.0
    },
    "경제": {
      "precision": 0.6212121212121212,
      "recall": 0.41,
      "f1-score": 0.4939759036144578,
      "support": 100.0
    },
    "사회": {
      "precision": 0.5066666666666667,
      "recall": 0.38,
      "f1-score": 0.4342857142857143,
      "support": 100.0
    },
    "스포츠": {
      "precision": 0.896551724137931,
      "recall": 0.78,
      "f1-score": 0.8342245989304813,
      "support": 100.0
    },
    "연예": {
      "precision": 0.44390243902439025,
      "recall": 0.91,
      "f1-score": 0.5967213114754099,
      "support": 100.0
    },
    "정치": {
      "precision": 0.8674698795180723,
      "recall": 0.72,
      "f1-score": 0.7868852459016393,
      "support": 100.0
    },
    "accuracy": 0.6433333333333333,
    "macro avg": {
      "precision": 0.6869195193789112,
      "recall": 0.6433333333333334,
      "f1-score": 0.6439140130925881,
      "support": 600.0
    },
    "weighted avg": {
      "precision": 0.6869195193789112,
      "recall": 0.6433333333333333,
      "f1-score": 0.6439140130925881,
      "support": 600.0
    }
  },
  "timing": {
    "tokenization_sec": 7.18,
    "tuning_sec": 39.82,
    "tuning_min": 0.66,
    "final_train_sec": 0.35,
    "inference_sec": 0.0366,
    "total_sec": 40.16,
    "total_min": 0.67
  },
  "note": "LightGBM 4.6.0. sparse TF-IDF 네이티브 지원. HistGBM 대비 10x 빠름."
}