{
  "model": "tfidf_svm",
  "accuracy": 0.76,
  "report": {
    "IT": {
      "precision": 0.8536585365853658,
      "recall": 0.7,
      "f1-score": 0.7692307692307693,
      "support": 100.0
    },
    "경제": {
      "precision": 0.6633663366336634,
      "recall": 0.67,
      "f1-score": 0.6666666666666666,
      "support": 100.0
    },
    "사회": {
      "precision": 0.5918367346938775,
      "recall": 0.58,
      "f1-score": 0.5858585858585859,
      "support": 100.0
    },
    "스포츠": {
      "precision": 0.8666666666666667,
      "recall": 0.91,
      "f1-score": 0.8878048780487805,
      "support": 100.0
    },
    "연예": {
      "precision": 0.7666666666666667,
      "recall": 0.92,
      "f1-score": 0.8363636363636363,
      "support": 100.0
    },
    "정치": {
      "precision": 0.8297872340425532,
      "recall": 0.78,
      "f1-score": 0.8041237113402062,
      "support": 100.0
    },
    "accuracy": 0.76,
    "macro avg": {
      "precision": 0.761997029214799,
      "recall": 0.7600000000000001,
      "f1-score": 0.7583413745847741,
      "support": 600.0
    },
    "weighted avg": {
      "precision": 0.7619970292147991,
      "recall": 0.76,
      "f1-score": 0.7583413745847741,
      "support": 600.0
    }
  },
  "timing": {
    "tokenization_sec": 7.18,
    "tuning_sec": 8.35,
    "tuning_min": 0.14,
    "final_train_sec": 0.07,
    "inference_sec": 0.0077,
    "total_sec": 8.42,
    "total_min": 0.14
  },
  "note": "추가 다운로드 없음. 텍스트 분류 정석 베이스라인."
}