{
  "accuracy": 0.9283333333333333,
  "report": {
    "IT": {
      "precision": 0.9900990099009901,
      "recall": 1.0,
      "f1-score": 0.9950248756218906,
      "support": 100.0
    },
    "경제": {
      "precision": 1.0,
      "recall": 0.82,
      "f1-score": 0.9010989010989011,
      "support": 100.0
    },
    "사회": {
      "precision": 0.7419354838709677,
      "recall": 0.92,
      "f1-score": 0.8214285714285714,
      "support": 100.0
    },
    "스포츠": {
      "precision": 0.9696969696969697,
      "recall": 0.96,
      "f1-score": 0.964824120603015,
      "support": 100.0
    },
    "연예": {
      "precision": 0.9591836734693877,
      "recall": 0.94,
      "f1-score": 0.9494949494949495,
      "support": 100.0
    },
    "정치": {
      "precision": 0.96875,
      "recall": 0.93,
      "f1-score": 0.9489795918367347,
      "support": 100.0
    },
    "accuracy": 0.9283333333333333,
    "macro avg": {
      "precision": 0.9382775228230527,
      "recall": 0.9283333333333332,
      "f1-score": 0.9301418350140104,
      "support": 600.0
    },
    "weighted avg": {
      "precision": 0.9382775228230525,
      "recall": 0.9283333333333333,
      "f1-score": 0.9301418350140104,
      "support": 600.0
    }
  }
}