{
  "model": "koelectra_svm",
  "base_model": "monologg/koelectra-base-v3-discriminator",
  "approach": "pretrained feature extraction + LinearSVC (no fine-tuning)",
  "accuracy": 0.6305555555555555,
  "best_C": 0.109619719100184,
  "report": {
    "IT": {
      "precision": 0.5294117647058824,
      "recall": 0.45,
      "f1-score": 0.4864864864864865,
      "support": 60.0
    },
    "경제": {
      "precision": 0.5166666666666667,
      "recall": 0.5166666666666667,
      "f1-score": 0.5166666666666667,
      "support": 60.0
    },
    "사회": {
      "precision": 0.4,
      "recall": 0.43333333333333335,
      "f1-score": 0.416,
      "support": 60.0
    },
    "스포츠": {
      "precision": 0.7397260273972602,
      "recall": 0.9,
      "f1-score": 0.8120300751879699,
      "support": 60.0
    },
    "연예": {
      "precision": 0.819672131147541,
      "recall": 0.8333333333333334,
      "f1-score": 0.8264462809917356,
      "support": 60.0
    },
    "정치": {
      "precision": 0.78,
      "recall": 0.65,
      "f1-score": 0.7090909090909091,
      "support": 60.0
    },
    "accuracy": 0.6305555555555555,
    "macro avg": {
      "precision": 0.6309127649862251,
      "recall": 0.6305555555555556,
      "f1-score": 0.6277867364039612,
      "support": 360.0
    },
    "weighted avg": {
      "precision": 0.6309127649862251,
      "recall": 0.6305555555555555,
      "f1-score": 0.6277867364039612,
      "support": 360.0
    }
  },
  "timing": {
    "embedding_sec": 80.75,
    "tuning_sec": 105.32,
    "final_train_sec": 2.74,
    "total_sec": 188.81,
    "total_min": 3.15
  }
}